Name,Alt
isolated-happy-smiling-dog-white-background-portrait-4_1562-693.jpg,Free photo isolated happy smiling dog white background portrait 4
portrait-adorable-dog-looking-up_23-2148366909.jpg,Free photo portrait of adorable dog looking up
adorable-brown-white-basenji-dog-smiling-giving-high-five-isolated-white_346278-1657.jpg,Free photo adorable brown and white basenji dog smiling and giving a high five isolated on white
young-brown-french-bulldog-playing-isolated-white-studio-background_155003-46060.jpg,Free photo young brown french bulldog playing isolated on white studio background
cute-pet-collage-isolated_23-2150007407.jpg,Free photo cute pet collage isolated
small-funny-dog-beagle-posing-isolated-white-wall_155003-33570.jpg,Free photo small funny dog beagle posing isolated over white  wall
beautiful-pet-portrait-dog_23-2149218450.jpg,Free photo beautiful pet portrait of dog
dog-eating-cake-his-birthday-ai-generative_123827-24096.jpg,Free photo dog eating a cake for his birthday ai generative
pug-dog-isolated-white-background_2829-11416.jpg,Free photo pug dog isolated on a white background
purebred-dog-being-cute-studio_23-2149016897.jpg,Free photo purebred dog being cute in a studio
side-view-owner-holding-chihuahua-dog_23-2150265003.jpg,Free photo side view owner holding chihuahua dog
portrait-cute-cheerful-dog-with-tongue-sticking-out-posing-isolated-white-studio-background_155003-45769.jpg,Free photo portrait of cute cheerful dog with tongue sticking out posing isolated over white studio background
friendly-smart-basenji-dog-giving-his-paw-close-up-isolated-white_346278-1626.jpg,Free photo friendly smart basenji dog giving his paw close up isolated on white
small-dog-being-adorable-studio_23-2149016885.jpg,Free photo small dog being adorable in a studio
cute-shepherd-dog-posing-isolated-white-background_155003-46179.jpg,Free photo cute shepherd dog posing isolated over white background
funny-happy-beagle-dog-walking-playing-park_176420-6453.jpg,Free photo funny happy beagle dog walking, playing in park.
front-view-man-with-cute-greyhound-dog_23-2150231852.jpg,Free photo front view man with cute greyhound dog
adorable-white-bulldog-puppy-portrait_53876-64846.jpg,Free photo adorable white bulldog puppy portrait
portrait-lovely-dog-looking-away_23-2148366865.jpg,Free photo portrait of lovely dog looking away
brown-labrador-retriever-white_155003-11361.jpg,Free photo the brown labrador retriever on white
lovely-pet-portrait-isolated_23-2149192357.jpg,Free photo lovely pet portrait isolated
front-view-woman-with-laptop-home_23-2150264987.jpg,Free photo front view woman with laptop at home
run-maltipu-little-dog-is-posing_155003-22631.jpg,Free photo on the run. maltipu little dog is posing.
young-brown-french-bulldog-playing-isolated-white-studio-background_155003-46332.jpg,Free photo young brown french bulldog playing isolated on white studio background
isolated-happy-smiling-dog-white-background-portrait-2_1562-691.jpg,Free photo isolated happy smiling dog white background portrait 2
cute-spitz_144627-7076.jpg,Free photo cute spitz
labrador-retriever_95678-47.jpg,Free photo labrador retriever
isolated-happy-smiling-dog-white-background-portrait-4_1562-693.jpg,Free photo isolated happy smiling dog white background portrait 4
portrait-adorable-dog-looking-up_23-2148366909.jpg,Free photo portrait of adorable dog looking up
adorable-brown-white-basenji-dog-smiling-giving-high-five-isolated-white_346278-1657.jpg,Free photo adorable brown and white basenji dog smiling and giving a high five isolated on white
young-brown-french-bulldog-playing-isolated-white-studio-background_155003-46060.jpg,Free photo young brown french bulldog playing isolated on white studio background
cute-pet-collage-isolated_23-2150007407.jpg,Free photo cute pet collage isolated
cute-chocolate-labrador-retriever-uncle-sam-hat-bow-tie_53876-90202.jpg,Free photo cute chocolate labrador retriever in uncle sam hat and bow tie
isolated-happy-smiling-dog-white-background-portrait-4_1562-693.jpg,Free photo isolated happy smiling dog white background portrait 4
portrait-adorable-dog-looking-up_23-2148366909.jpg,Free photo portrait of adorable dog looking up
adorable-brown-white-basenji-dog-smiling-giving-high-five-isolated-white_346278-1657.jpg,Free photo adorable brown and white basenji dog smiling and giving a high five isolated on white
young-brown-french-bulldog-playing-isolated-white-studio-background_155003-46060.jpg,Free photo young brown french bulldog playing isolated on white studio background
cute-pet-collage-isolated_23-2150007407.jpg,Free photo cute pet collage isolated
small-funny-dog-beagle-posing-isolated-white-wall_155003-33570.jpg,Free photo small funny dog beagle posing isolated over white  wall
cute-chihuahua-dog-spending-time-outdoors_23-2150264974.jpg,Free photo cute chihuahua dog spending time outdoors
beautiful-pet-portrait-dog_23-2149218450.jpg,Free photo beautiful pet portrait of dog
pug-dog-isolated-white-background_2829-11416.jpg,Free photo pug dog isolated on a white background
purebred-dog-being-cute-studio_23-2149016897.jpg,Free photo purebred dog being cute in a studio
cute-chihuahua-dog-taking-bath_23-2150265001.jpg,Free photo cute  chihuahua dog taking bath
portrait-cute-cheerful-dog-with-tongue-sticking-out-posing-isolated-white-studio-background_155003-45769.jpg,Free photo portrait of cute cheerful dog with tongue sticking out posing isolated over white studio background
isolated-happy-smiling-dog-white-background-portrait-4_1562-693.jpg,Free photo isolated happy smiling dog white background portrait 4
portrait-adorable-dog-looking-up_23-2148366909.jpg,Free photo portrait of adorable dog looking up
adorable-brown-white-basenji-dog-smiling-giving-high-five-isolated-white_346278-1657.jpg,Free photo adorable brown and white basenji dog smiling and giving a high five isolated on white
young-brown-french-bulldog-playing-isolated-white-studio-background_155003-46060.jpg,Free photo young brown french bulldog playing isolated on white studio background
cute-pet-collage-isolated_23-2150007407.jpg,Free photo cute pet collage isolated
small-funny-dog-beagle-posing-isolated-white-wall_155003-33570.jpg,Free photo small funny dog beagle posing isolated over white  wall
side-view-owner-with-cute-chihuahua-dog_23-2150264945.jpg,Free photo side view owner with cute chihuahua dog
beautiful-pet-portrait-dog_23-2149218450.jpg,Free photo beautiful pet portrait of dog
full-shot-woman-with-cute-greyhound-dog_23-2150231868.jpg,Free photo full shot woman with cute greyhound dog
pug-dog-isolated-white-background_2829-11416.jpg,Free photo pug dog isolated on a white background
purebred-dog-being-cute-studio_23-2149016897.jpg,Free photo purebred dog being cute in a studio
portrait-cute-cheerful-dog-with-tongue-sticking-out-posing-isolated-white-studio-background_155003-45769.jpg,Free photo portrait of cute cheerful dog with tongue sticking out posing isolated over white studio background
friendly-smart-basenji-dog-giving-his-paw-close-up-isolated-white_346278-1626.jpg,Free photo friendly smart basenji dog giving his paw close up isolated on white
small-dog-being-adorable-studio_23-2149016885.jpg,Free photo small dog being adorable in a studio
cute-shepherd-dog-posing-isolated-white-background_155003-46179.jpg,Free photo cute shepherd dog posing isolated over white background
funny-happy-beagle-dog-walking-playing-park_176420-6453.jpg,Free photo funny happy beagle dog walking, playing in park.
adorable-white-bulldog-puppy-portrait_53876-64846.jpg,Free photo adorable white bulldog puppy portrait
